{
    "X_scaler": {
        "min_": [
            -0.004149377593360997,
            0.0,
            0.0,
            0.0,
            0.0
        ],
        "scale_": [
            0.020746887966804982,
            0.012195121951219513,
            0.01282051282051282,
            0.03225806451612903,
            0.043478260869565216
        ],
        "data_min_": [
            0.2,
            0.0,
            0.0,
            0.0,
            0.0
        ],
        "data_max_": [
            48.4,
            82.0,
            78.0,
            31.0,
            23.0
        ],
        "data_range_": [
            48.199999999999996,
            82.0,
            78.0,
            31.0,
            23.0
        ],
        "feature_range": [
            0,
            1
        ]
    },
    "y_scaler": {
        "min_": [
            -0.006880318667390911
        ],
        "scale_": [
            0.09053050878145935
        ],
        "data_min_": [
            0.076
        ],
        "data_max_": [
            11.122
        ],
        "data_range_": [
            11.046
        ],
        "feature_range": [
            0,
            1
        ]
    }
}