{
    "mean_": null,
    "scale_": [
        0.020746887966804982,
        0.012195121951219513,
        0.01282051282051282,
        0.03225806451612903,
        0.043478260869565216
    ],
    "min_": [
        -0.004149377593360997,
        0.0,
        0.0,
        0.0,
        0.0
    ],
    "data_min_": [
        0.2,
        0.0,
        0.0,
        0.0,
        0.0
    ],
    "data_max_": [
        48.4,
        82.0,
        78.0,
        31.0,
        23.0
    ]
}