{
    "mean_": null,
    "scale_": [
        0.09053050878145935
    ],
    "min_": [
        -0.006880318667390911
    ],
    "data_min_": [
        0.076
    ],
    "data_max_": [
        11.122
    ]
}